{"cameraMode":{"drawMode":0,"name":"Shaded","section":"Shading Mode"},"sceneLighting":true,"audioPlay":false,"sceneViewState":{"showFog":true,"showMaterialUpdate":false,"showSkybox":true,"showFlares":true,"showImageEffects":true,"showParticleSystems":true},"in2DMode":false,"pivot":{"x":6.880093574523926,"y":-3.1159677505493166,"z":2.920076370239258},"rotation":{"x":-0.1036180779337883,"y":-0.009849381633102894,"z":0.0010262036230415106,"w":-0.9945680499076843},"size":20.718984603881837,"orthographic":false}