{"cameraMode":{"drawMode":0,"name":"Shaded","section":"Shading Mode"},"sceneLighting":true,"audioPlay":false,"sceneViewState":{"showFog":true,"showMaterialUpdate":false,"showSkybox":true,"showFlares":true,"showImageEffects":true,"showParticleSystems":true},"in2DMode":false,"pivot":{"x":76.25782012939453,"y":-10.711257934570313,"z":-22.54443359375},"rotation":{"x":-0.3309915363788605,"y":-0.3645782172679901,"z":0.14048880338668824,"w":-0.8589475154876709},"size":68.03292846679688,"orthographic":false}